<?xml version="1.0" encoding="UTF-8"?>
<jcr:root xmlns:jcr="http://www.jcp.org/jcr/1.0" xmlns:nt="http://www.jcp.org/jcr/nt/1.0" xmlns:granite="http://www.adobe.com/jcr/granite/1.0" xmlns:cq="http://www.day.com/jcr/cq/1.0" xmlns:sling="http://sling.apache.org/jcr/sling/1.0"
    jcr:primaryType="nt:unstructured"
    jcr:title="Navigation"
    sling:resourceType="cq/gui/components/authoring/dialog"
    extraClientlibs="[core.wcm.components.navigation.v1.editor]"
    helpPath="https://www.adobe.com/go/aem_cmp_navigation_v2">
    <content
        granite:class="cmp-navigation__editor"
        jcr:primaryType="nt:unstructured"
        sling:resourceType="granite/ui/components/coral/foundation/container">
        <items jcr:primaryType="nt:unstructured">
            <tabs
                jcr:primaryType="nt:unstructured"
                sling:resourceType="granite/ui/components/coral/foundation/tabs"
                maximized="{Boolean}true">
                <items jcr:primaryType="nt:unstructured">
                    <properties
                        jcr:primaryType="nt:unstructured"
                        jcr:title="Properties"
                        sling:resourceType="granite/ui/components/coral/foundation/container"
                        margin="{Boolean}true">
                        <items jcr:primaryType="nt:unstructured">
                            <navigationRoot
                                jcr:primaryType="nt:unstructured"
                                sling:resourceType="cq/gui/components/coral/common/form/pagefield"
                                fieldDescription="The root page from which to build the navigation. Can be a blueprint source, language source or regular page."
                                fieldLabel="Navigation Root"
                                name="./navigationRoot"
                                required="{Boolean}true"
                                rootPath="/content"/>
                            <structureStart
                                jcr:primaryType="nt:unstructured"
                                sling:resourceType="granite/ui/components/coral/foundation/form/numberfield"
                                fieldDescription="The levels below navigation root that are to be excluded. To include navigation root enter 0."
                                fieldLabel="Exclude Root Levels"
                                max="100"
                                min="0"
                                name="./structureStart"
                                step="1"
                                value="1"/>
                            <collectAllPages
                                jcr:primaryType="nt:unstructured"
                                sling:resourceType="granite/ui/components/coral/foundation/form/checkbox"
                                checked="{Boolean}true"
                                fieldDescription="Collect all pages that are descendants of the navigation root."
                                name="./collectAllPages"
                                text="Collect all child pages"
                                uncheckedValue="{Boolean}false"
                                value="{Boolean}true"/>
                            <structureDepth
                                jcr:primaryType="nt:unstructured"
                                sling:resourceType="granite/ui/components/coral/foundation/form/numberfield"
                                fieldDescription="The depth of the navigation structure, relative to the navigation root."
                                fieldLabel="Navigation Structure Depth"
                                max="100"
                                min="1"
                                name="./structureDepth"
                                step="1"
                                value="1"/>
                            <disableShadowing
                                jcr:primaryType="nt:unstructured"
                                sling:resourceType="granite/ui/components/coral/foundation/form/checkbox"
                                checked="{Boolean}false"
                                fieldDescription="For redirecting pages: show original page instead of target."
                                name="./disableShadowing"
                                text="Disable shadowing"
                                uncheckedValue="{Boolean}false"
                                value="{Boolean}true"/>
                        </items>
                    </properties>
                    <styletab
                        jcr:primaryType="nt:unstructured"
                        sling:resourceType="granite/ui/components/coral/foundation/include"
                        path="/mnt/overlay/cq/gui/components/authoring/dialog/style/tab_design/styletab"/>
                </items>
            </tabs>
        </items>
    </content>
</jcr:root>
