<?xml version="1.0" encoding="UTF-8"?>
<jcr:root xmlns:jcr="http://www.jcp.org/jcr/1.0" xmlns:nt="http://www.jcp.org/jcr/nt/1.0" xmlns:granite="http://www.adobe.com/jcr/granite/1.0" xmlns:cq="http://www.day.com/jcr/cq/1.0" xmlns:sling="http://sling.apache.org/jcr/sling/1.0"
    jcr:primaryType="nt:unstructured"
    jcr:title="Title"
    sling:resourceType="cq/gui/components/authoring/dialog"
    extraClientlibs="[core.wcm.components.title.v2.editor]"
    helpPath="https://www.adobe.com/go/aem_cmp_title_v3"
    trackingFeature="core-components:title:v3">
    <content
        jcr:primaryType="nt:unstructured"
        sling:resourceType="granite/ui/components/coral/foundation/container">
        <items jcr:primaryType="nt:unstructured">
            <tabs
                jcr:primaryType="nt:unstructured"
                sling:resourceType="granite/ui/components/coral/foundation/tabs"
                maximized="{Boolean}true">
                <items jcr:primaryType="nt:unstructured">
                    <properties
                        jcr:primaryType="nt:unstructured"
                        jcr:title="Properties"
                        sling:resourceType="granite/ui/components/coral/foundation/container"
                        margin="{Boolean}true">
                        <items jcr:primaryType="nt:unstructured">
                            <columns
                                jcr:primaryType="nt:unstructured"
                                sling:resourceType="granite/ui/components/coral/foundation/fixedcolumns"
                                margin="{Boolean}true">
                                <items jcr:primaryType="nt:unstructured">
                                    <column
                                        jcr:primaryType="nt:unstructured"
                                        sling:resourceType="granite/ui/components/coral/foundation/container">
                                        <items jcr:primaryType="nt:unstructured">
                                            <title
                                                jcr:primaryType="nt:unstructured"
                                                sling:resourceType="granite/ui/components/coral/foundation/form/textfield"
                                                fieldDescription="Leave empty to use the page title."
                                                fieldLabel="Title"
                                                name="./jcr:title"/>
                                            <types
                                                granite:class="core-title-sizes"
                                                jcr:primaryType="nt:unstructured"
                                                sling:resourceType="granite/ui/components/coral/foundation/form/select"
                                                fieldLabel="Type / Size"
                                                name="./type">
                                                <datasource
                                                    jcr:primaryType="nt:unstructured"
                                                    sling:resourceType="core/wcm/components/title/v1/datasource/allowedtypes"/>
                                            </types>
                                            <alignment
                                                    jcr:primaryType="nt:unstructured"
                                                    sling:resourceType="granite/ui/components/coral/foundation/form/select"
                                                    fieldLabel="Alignment"
                                                    name="./alignment">
                                                <items jcr:primaryType="nt:unstructured">
                                                    <left
                                                            jcr:primaryType="nt:unstructured"
                                                            selected="{Boolean}true"
                                                            text="left"
                                                            value="text-left"/>
                                                    <center
                                                            jcr:primaryType="nt:unstructured"
                                                            text="center"
                                                            value="text-center"/>
                                                    <right
                                                            jcr:primaryType="nt:unstructured"
                                                            text="right"
                                                            value="text-right"/>
                                                </items>
                                            </alignment>
                                            <defaulttypes
                                                granite:class="core-title-sizes-default"
                                                jcr:primaryType="nt:unstructured"
                                                sling:resourceType="granite/ui/components/coral/foundation/form/select"
                                                fieldLabel="Type / Size"
                                                name="./type">
                                                <items jcr:primaryType="nt:unstructured">
                                                    <h1
                                                        jcr:primaryType="nt:unstructured"
                                                        text="H1"
                                                        value="h1"/>
                                                    <h2
                                                        jcr:primaryType="nt:unstructured"
                                                        text="H2"
                                                        value="h2"/>
                                                    <h3
                                                        jcr:primaryType="nt:unstructured"
                                                        text="H3"
                                                        value="h3"/>
                                                    <h4
                                                        jcr:primaryType="nt:unstructured"
                                                        text="H4"
                                                        value="h4"/>
                                                    <h5
                                                        jcr:primaryType="nt:unstructured"
                                                        text="H5"
                                                        value="h5"/>
                                                    <h6
                                                        jcr:primaryType="nt:unstructured"
                                                        text="H6"
                                                        value="h6"/>
                                                </items>
                                            </defaulttypes>
                                            <link
                                                granite:hide="${cqDesign.linkDisabled}"
                                                jcr:primaryType="nt:unstructured"
                                                sling:resourceType="granite/ui/components/coral/foundation/include"
                                                path="/mnt/overlay/core/wcm/components/commons/editor/dialog/link/v1/link/edit/link"/>
                                            <id
                                                jcr:primaryType="nt:unstructured"
                                                sling:resourceType="granite/ui/components/coral/foundation/form/textfield"
                                                fieldDescription="HTML ID attribute to apply to the component."
                                                fieldLabel="ID"
                                                name="./id"
                                                validation="html-unique-id-validator"/>
                                        </items>
                                    </column>
                                </items>
                            </columns>
                        </items>
                    </properties>
                    <spacing
                            jcr:primaryType="nt:unstructured"
                            jcr:title="Spacing"
                            sling:resourceType="granite/ui/components/coral/foundation/container"
                            margin="{Boolean}true">
                        <items jcr:primaryType="nt:unstructured">
                            <spacing
                                    jcr:primaryType="nt:unstructured"
                                    jcr:title="Spacing"
                                    sling:resourceType="granite/ui/components/foundation/section">
                                <layout
                                        jcr:primaryType="nt:unstructured"
                                        sling:resourceType="granite/ui/components/foundation/layouts/fixedcolumns"
                                        margin="{Boolean}false"/>
                                <items jcr:primaryType="nt:unstructured">
                                    <column
                                            jcr:primaryType="nt:unstructured"
                                            sling:resourceType="granite/ui/components/foundation/container">
                                        <items jcr:primaryType="nt:unstructured">
                                            <paddingTop
                                                    jcr:primaryType="nt:unstructured"
                                                    sling:resourceType="granite/ui/components/coral/foundation/form/select"
                                                    fieldLabel="Padding top"
                                                    name="./paddingTop">
                                                <items jcr:primaryType="nt:unstructured">
                                                    <default jcr:primaryType="nt:unstructured"
                                                             selected="{Boolean}true"
                                                             text="Default"
                                                             value=""/>
                                                    <pt1 jcr:primaryType="nt:unstructured"
                                                         text="1"
                                                         value="pt-1"/>
                                                    <pt2 jcr:primaryType="nt:unstructured"
                                                         text="2"
                                                         value="pt-2"/>
                                                    <pt3 jcr:primaryType="nt:unstructured"
                                                         text="3"
                                                         value="pt-3"/>
                                                    <pt4 jcr:primaryType="nt:unstructured"
                                                         text="4"
                                                         value="pt-4"/>
                                                    <pt5 jcr:primaryType="nt:unstructured"
                                                         text="5"
                                                         value="pt-5"/>
                                                    <pt6 jcr:primaryType="nt:unstructured"
                                                         text="6"
                                                         value="pt-6"/>
                                                    <pt7 jcr:primaryType="nt:unstructured"
                                                         text="7"
                                                         value="pt-7"/>
                                                    <pt8 jcr:primaryType="nt:unstructured"
                                                         text="8"
                                                         value="pt-8"/>
                                                    <pt9 jcr:primaryType="nt:unstructured"
                                                         text="9"
                                                         value="pt-9"/>
                                                    <pt10 jcr:primaryType="nt:unstructured"
                                                          text="10"
                                                          value="pt-10"/>
                                                    <pt11 jcr:primaryType="nt:unstructured"
                                                          text="11"
                                                          value="pt-11"/>
                                                    <pt12 jcr:primaryType="nt:unstructured"
                                                          text="12"
                                                          value="pt-12"/>
                                                    <pt13 jcr:primaryType="nt:unstructured"
                                                          text="13"
                                                          value="pt-13"/>
                                                    <pt14 jcr:primaryType="nt:unstructured"
                                                          text="14"
                                                          value="pt-14"/>
                                                    <pt14 jcr:primaryType="nt:unstructured"
                                                          text="15"
                                                          value="pt-15"/>
                                                </items>
                                            </paddingTop>
                                            <paddingBottom
                                                    jcr:primaryType="nt:unstructured"
                                                    sling:resourceType="granite/ui/components/coral/foundation/form/select"
                                                    fieldLabel="Padding bottom"
                                                    name="./paddingBottom">
                                                <items jcr:primaryType="nt:unstructured">
                                                    <default jcr:primaryType="nt:unstructured"
                                                             selected="{Boolean}true"
                                                             text="Default"
                                                             value=""/>
                                                    <pb1 jcr:primaryType="nt:unstructured"
                                                         text="1"
                                                         value="pb-1"/>
                                                    <pb2 jcr:primaryType="nt:unstructured"
                                                         text="2"
                                                         value="pb-2"/>
                                                    <pb3 jcr:primaryType="nt:unstructured"
                                                         text="3"
                                                         value="pb-3"/>
                                                    <pb4 jcr:primaryType="nt:unstructured"
                                                         text="4"
                                                         value="pb-4"/>
                                                    <pb5 jcr:primaryType="nt:unstructured"
                                                         text="5"
                                                         value="pb-5"/>
                                                    <pb6 jcr:primaryType="nt:unstructured"
                                                         text="6"
                                                         value="pb-6"/>
                                                    <pb7 jcr:primaryType="nt:unstructured"
                                                         text="7"
                                                         value="pb-7"/>
                                                    <pb8 jcr:primaryType="nt:unstructured"
                                                         text="8"
                                                         value="pb-8"/>
                                                    <pb9 jcr:primaryType="nt:unstructured"
                                                         text="9"
                                                         value="pb-9"/>
                                                    <pb10 jcr:primaryType="nt:unstructured"
                                                          text="10"
                                                          value="pb-10"/>
                                                    <pb11 jcr:primaryType="nt:unstructured"
                                                          text="11"
                                                          value="pb-11"/>
                                                    <pb12 jcr:primaryType="nt:unstructured"
                                                          text="12"
                                                          value="pb-12"/>
                                                    <pb13 jcr:primaryType="nt:unstructured"
                                                          text="13"
                                                          value="pb-13"/>
                                                    <pb14 jcr:primaryType="nt:unstructured"
                                                          text="14"
                                                          value="pb-14"/>
                                                    <pb14 jcr:primaryType="nt:unstructured"
                                                          text="15"
                                                          value="pb-15"/>
                                                </items>
                                            </paddingBottom>
                                            <marginBottom
                                                    jcr:primaryType="nt:unstructured"
                                                    sling:resourceType="granite/ui/components/coral/foundation/form/select"
                                                    fieldLabel="Margin bottom"
                                                    name="./marginBottom">
                                                <items jcr:primaryType="nt:unstructured">
                                                    <default jcr:primaryType="nt:unstructured"
                                                             selected="{Boolean}true"
                                                             text="Default"
                                                             value=""/>
                                                    <mb1 jcr:primaryType="nt:unstructured"
                                                         text="1"
                                                         value="mb-1"/>
                                                    <mb2 jcr:primaryType="nt:unstructured"
                                                         text="2"
                                                         value="mb-2"/>
                                                    <mb3 jcr:primaryType="nt:unstructured"
                                                         text="3"
                                                         value="mb-3"/>
                                                    <mb4 jcr:primaryType="nt:unstructured"
                                                         text="4"
                                                         value="mb-4"/>
                                                    <mb5 jcr:primaryType="nt:unstructured"
                                                         text="5"
                                                         value="mb-5"/>
                                                    <mb6 jcr:primaryType="nt:unstructured"
                                                         text="6"
                                                         value="mb-6"/>
                                                    <mb7 jcr:primaryType="nt:unstructured"
                                                         text="7"
                                                         value="mb-7"/>
                                                    <mb8 jcr:primaryType="nt:unstructured"
                                                         text="8"
                                                         value="mb-8"/>
                                                    <mb9 jcr:primaryType="nt:unstructured"
                                                         text="9"
                                                         value="mb-9"/>
                                                    <mb10 jcr:primaryType="nt:unstructured"
                                                          text="10"
                                                          value="mb-10"/>
                                                    <mb11 jcr:primaryType="nt:unstructured"
                                                          text="11"
                                                          value="mb-11"/>
                                                    <mb12 jcr:primaryType="nt:unstructured"
                                                          text="12"
                                                          value="mb-12"/>
                                                    <mb13 jcr:primaryType="nt:unstructured"
                                                          text="13"
                                                          value="mb-13"/>
                                                    <mb14 jcr:primaryType="nt:unstructured"
                                                          text="14"
                                                          value="mb-14"/>
                                                    <mb14 jcr:primaryType="nt:unstructured"
                                                          text="15"
                                                          value="mb-15"/>
                                                </items>
                                            </marginBottom>
                                        </items>
                                    </column>
                                </items>
                            </spacing>
                        </items>
                    </spacing>
                    <styletab
                        jcr:primaryType="nt:unstructured"
                        sling:resourceType="granite/ui/components/coral/foundation/include"
                        path="/mnt/overlay/cq/gui/components/authoring/dialog/style/tab_edit/styletab"/>
                </items>
            </tabs>
        </items>
    </content>
</jcr:root>
